{
    "id": 11,
    "user_rating": 9.5,
    "title": "보이후드",
    "overview": "여섯 살 ‘메이슨 주니어’(엘라 콜트레인)와 그의 누나 ‘사만다’(로렐라이 링클레이터)는 싱글맘인 ‘올리비아’(패트리샤 아케이트)와 텍사스에 살고 있다. 아빠인 ‘메이슨 시니어’(에단 호크)는 일주일에 한 번씩 들러 ‘메이슨’과 ‘사만다’를 데리고 캠핑을 가거나 야구장에 데려 가며 친구처럼 놀아 주곤 하지만 함께 살 수는 없다. 게다가 엄마의 일 때문에 친구들과 헤어져 계속해서 낯선 도시로 이사를 다녀야 하는 메이슨은 외로운 나날을 보내며 점차 성장해가는데…….",
    "backdrop_url": "https://image.tmdb.org/t/p/original/blcsOuW1zwAkjDBO05Cvq0A89q.jpg",
    "poster_url": "https://image.tmdb.org/t/p/original/dROSgWmMFi2omlQEx2U3KsX17jG.jpg"
}